study,series_uid,series_number,description,protocol,modality,dicom_files,kind,expected_datatype,expected_suffix,pred_datatype,pred_datatype_p,pred_suffix,pred_suffix_p,pred_part,pred_part_p,pred_direction,pred_direction_p,pred_run,pred_run_p,pred_echo,pred_echo_p,pred_flip,pred_flip_p,pred_inversion,pred_inversion_p,pred_mt,pred_mt_p,dt_correct,suffix_correct
1.3.12.2.1107.5.2.43.66080.30000025052607162980300000005,1.3.12.2.1107.5.2.43.66080.2025052611091944536403977.0.0.0,1,localizer_20ch_head-coil,localizer_20ch_head-coil,MR,2,localizer (not BIDS),n/a,n/a,anat,0.2318,phase2,0.396,phase,0.3582,i,0.4961,1,0.4423,1,0.5408,1,0.3861,1,0.2982,on,0.772,,
1.3.12.2.1107.5.2.43.66080.30000025052607162980300000005,1.3.12.2.1107.5.2.43.66080.2025052611093388739600069,99,PhoenixZIPReport,Phoenix Document,SR,6,DICOM SR report (not BIDS),n/a,n/a,anat,0.3125,phase1,0.5109,phase,0.4626,k,0.306,9,0.4097,1,0.386,1,0.3162,1,0.3658,on,0.626,,
1.3.12.2.1107.5.2.43.66080.30000025052607162980300000005,1.3.12.2.1107.5.2.43.66080.2025052611101631033904154.0.0.0,2,ses-pre_run-01_fmap,ses-pre_run-01_fmap,MR,2,field map,fmap,(fmap series),fmap,0.2385,phase2,0.582,phase,0.3758,i,0.2894,1,0.3045,1,0.3851,1,0.2913,2,0.2501,on,0.6205,True,
1.3.12.2.1107.5.2.43.66080.30000025052607162980300000005,1.3.12.2.1107.5.2.43.66080.2025052611101631034504155.0.0.0,3,ses-pre_run-01_fmap,ses-pre_run-01_fmap,MR,1,field map,fmap,(fmap series),fmap,0.2381,phase2,0.5032,phase,0.3775,i,0.3148,1,0.3617,1,0.4346,1,0.2722,1,0.2702,on,0.6458,True,
1.3.12.2.1107.5.2.43.66080.30000025052607162980300000005,1.3.12.2.1107.5.2.43.66080.2025052611124283107805470.0.0.0,4,ses-pre_task-sparse_bold,ses-pre_task-sparse_bold,MR,10,functional,func,bold,func,0.2882,phase2,0.4992,phase,0.3978,i,0.2662,1,0.2564,1,0.3027,4,0.2149,4,0.2246,on,0.5878,True,False
1.3.12.2.1107.5.2.43.66080.30000025052607162980300000005,1.3.12.2.1107.5.2.43.66080.2025052611204705779806272.0.0.0,6,ses-pre_T1w,ses-pre_T1w,MR,1,structural,anat,T1w,anat,0.2681,T1w,0.9821,phase,0.4166,k,0.332,1,0.2801,9,0.4937,1,0.2477,1,0.2775,on,0.6222,True,True
1.3.12.2.1107.5.2.43.66080.30000025052607162980300000005,1.3.12.2.1107.5.2.43.66080.2025052611205648833107050.0.0.0,7,ses-pre_run-02_fmap,ses-pre_run-02_fmap,MR,2,field map,fmap,(fmap series),fmap,0.2544,phase2,0.5336,phase,0.3694,i,0.2961,7,0.3409,1,0.2262,1,0.2443,2,0.2565,on,0.6343,True,
1.3.12.2.1107.5.2.43.66080.30000025052607162980300000005,1.3.12.2.1107.5.2.43.66080.2025052611205648833707051.0.0.0,8,ses-pre_run-02_fmap,ses-pre_run-02_fmap,MR,1,field map,fmap,(fmap series),fmap,0.2629,phase2,0.5657,phase,0.3782,i,0.329,8,0.4551,8,0.3902,1,0.2786,1,0.2578,on,0.6558,True,
1.3.12.2.1107.5.2.43.66080.30000025052607162980300000005,1.3.12.2.1107.5.2.43.66080.2025052611215288756307363.0.0.0,9,ses-pre_task-rest_bold,ses-pre_task-rest_bold,MR,20,functional,func,bold,func,0.3462,phase2,0.6141,phase,0.4076,i,0.3966,1,0.1484,1,0.2149,4,0.2484,4,0.2203,on,0.6303,True,False
1.3.12.2.1107.5.2.43.66080.30000025052607162980300000007,1.3.12.2.1107.5.2.43.66080.2025052611242060935909497.0.0.0,1,AAHead_Scout_64ch-head-coil,AAHead_Scout_64ch-head-coil,MR,1,localizer (not BIDS),n/a,n/a,anat,0.2316,phase1,0.4122,real,0.3099,i,0.4579,1,0.3811,1,0.3798,1,0.425,1,0.301,on,0.6378,,
1.3.12.2.1107.5.2.43.66080.30000025052607162980300000007,1.3.12.2.1107.5.2.43.66080.2025052611242344892910217.0.0.0,2,AAHead_Scout_64ch-head-coil_MPR_sag,AAHead_Scout_64ch-head-coil,MR,1,localizer (not BIDS),n/a,n/a,anat,0.2257,phase2,0.2939,phase,0.3372,i,0.4501,1,0.2797,1,0.3178,1,0.3247,2,0.2772,on,0.7354,,
1.3.12.2.1107.5.2.43.66080.30000025052607162980300000007,1.3.12.2.1107.5.2.43.66080.2025052611242344929910223.0.0.0,3,AAHead_Scout_64ch-head-coil_MPR_cor,AAHead_Scout_64ch-head-coil,MR,1,localizer (not BIDS),n/a,n/a,anat,0.2327,phase1,0.3279,phase,0.3375,i,0.5332,1,0.2798,1,0.2869,1,0.2838,1,0.2374,on,0.791,,
1.3.12.2.1107.5.2.43.66080.30000025052607162980300000007,1.3.12.2.1107.5.2.43.66080.2025052611242344951710227.0.0.0,4,AAHead_Scout_64ch-head-coil_MPR_tra,AAHead_Scout_64ch-head-coil,MR,1,localizer (not BIDS),n/a,n/a,anat,0.2496,phase1,0.3302,phase,0.3534,i,0.5312,4,0.4998,4,0.2922,1,0.2377,2,0.2281,on,0.7687,,
1.3.12.2.1107.5.2.43.66080.30000025052607162980300000007,1.3.12.2.1107.5.2.43.66080.2025052611242355425400223,99,PhoenixZIPReport,Phoenix Document,SR,3,DICOM SR report (not BIDS),n/a,n/a,anat,0.2768,phase1,0.4879,phase,0.4563,i,0.333,1,0.2505,1,0.3671,1,0.3669,1,0.4951,on,0.6106,,
1.3.12.2.1107.5.2.43.66080.30000025052607162980300000007,1.3.12.2.1107.5.2.43.66080.2025052611251937202010812.0.0.0,5,ses-post_run-01_fmap,ses-post_run-01_fmap,MR,2,field map,fmap,(fmap series),fmap,0.2558,phase2,0.4317,phase,0.3722,i,0.3325,5,0.3727,1,0.3354,1,0.2364,2,0.2671,on,0.6411,True,
1.3.12.2.1107.5.2.43.66080.30000025052607162980300000007,1.3.12.2.1107.5.2.43.66080.2025052611251937202710813.0.0.0,6,ses-post_run-01_fmap,ses-post_run-01_fmap,MR,1,field map,fmap,(fmap series),fmap,0.2539,phase2,0.5041,phase,0.3894,i,0.3092,6,0.4516,1,0.3526,1,0.2748,1,0.2438,on,0.6407,True,
1.3.12.2.1107.5.2.43.66080.30000025052607162980300000007,1.3.12.2.1107.5.2.43.66080.2025052611270015084411257.0.0.0,10,ses-post_task-mb_bold_PhysioLog,ses-post_task-mb_bold,MR,1,physiology log (not BIDS),n/a,n/a,func,0.2607,phase1,0.3499,phase,0.3715,i,0.3242,1,0.1848,8,0.3687,1,0.3086,1,0.2415,on,0.6106,,
1.3.12.2.1107.5.2.43.66080.30000025052607162980300000007,1.3.12.2.1107.5.2.43.66080.2025052611270015120111264.0.0.0,7,ses-post_task-mb_bold_SBRef,ses-post_task-mb_bold,MR,1,fMRI reference,func,sbref,func,0.2779,phase2,0.5703,phase,0.3593,i,0.33,7,0.404,1,0.4349,1,0.2545,1,0.2302,on,0.5608,True,False
1.3.12.2.1107.5.2.43.66080.30000025052607162980300000007,1.3.12.2.1107.5.2.43.66080.2025052611270018284311265.0.0.0,8,ses-post_task-mb_bold,ses-post_task-mb_bold,MR,50,functional,func,bold,func,0.3187,phase2,0.6273,phase,0.3408,i,0.3166,4,0.158,8,0.1711,1,0.2231,4,0.2243,on,0.6271,True,False
1.3.12.2.1107.5.2.43.66080.30000025052607162980300000009,1.3.12.2.1107.5.2.43.66080.2025052611294951073219780.0.0.0,1,AAHead_Scout_64ch-head-coil,AAHead_Scout_64ch-head-coil,MR,1,localizer (not BIDS),n/a,n/a,anat,0.2311,phase1,0.3889,phase,0.3094,i,0.4632,1,0.3763,1,0.4033,1,0.4319,1,0.3144,on,0.6819,,
1.3.12.2.1107.5.2.43.66080.30000025052607162980300000009,1.3.12.2.1107.5.2.43.66080.2025052611295243551320496.0.0.0,2,AAHead_Scout_64ch-head-coil_MPR_sag,AAHead_Scout_64ch-head-coil,MR,1,localizer (not BIDS),n/a,n/a,func,0.2187,phase2,0.291,phase,0.3404,i,0.4391,1,0.2384,2,0.2797,1,0.3308,2,0.2711,on,0.7424,,
1.3.12.2.1107.5.2.43.66080.30000025052607162980300000009,1.3.12.2.1107.5.2.43.66080.2025052611295243589520502.0.0.0,3,AAHead_Scout_64ch-head-coil_MPR_cor,AAHead_Scout_64ch-head-coil,MR,1,localizer (not BIDS),n/a,n/a,anat,0.2275,phase1,0.3445,phase,0.342,i,0.4916,3,0.2251,1,0.2944,1,0.2997,1,0.2629,on,0.7744,,
1.3.12.2.1107.5.2.43.66080.30000025052607162980300000009,1.3.12.2.1107.5.2.43.66080.2025052611295243611320506.0.0.0,4,AAHead_Scout_64ch-head-coil_MPR_tra,AAHead_Scout_64ch-head-coil,MR,1,localizer (not BIDS),n/a,n/a,anat,0.2362,phase1,0.3451,phase,0.3549,i,0.4749,4,0.4208,1,0.2151,1,0.2536,1,0.24,on,0.7636,,
1.3.12.2.1107.5.2.43.66080.30000025052607162980300000009,1.3.12.2.1107.5.2.43.66080.2025052611295254117600418,99,PhoenixZIPReport,Phoenix Document,SR,8,DICOM SR report (not BIDS),n/a,n/a,anat,0.2806,phase1,0.4701,phase,0.459,k,0.3044,9,0.3115,1,0.3747,1,0.3062,1,0.3331,on,0.5905,,
1.3.12.2.1107.5.2.43.66080.30000025052607162980300000009,1.3.12.2.1107.5.2.43.66080.2025052611361002561221231.0.0.0,5,acq-space_T2w,acq-space_T2w,MR,1,structural,anat,T2w,anat,0.2387,T2w,0.9719,phase,0.4027,k,0.3138,5,0.2644,1,0.2789,1,0.2433,1,0.248,on,0.5938,True,True
1.3.12.2.1107.5.2.43.66080.30000025052607162980300000009,1.3.12.2.1107.5.2.43.66080.2025052611362466974822145.0.0.0,9,task-dmaging_run-01_bold_PhysioLog,task-dmaging_run-01_bold,MR,1,physiology log (not BIDS),n/a,n/a,func,0.3397,bold,0.2453,phase,0.4019,i,0.3602,9,0.4444,9,0.425,1,0.306,1,0.2601,on,0.5946,,
1.3.12.2.1107.5.2.43.66080.30000025052607162980300000009,1.3.12.2.1107.5.2.43.66080.2025052611362467016522152.0.0.0,6,task-dmaging_run-01_bold_SBRef,task-dmaging_run-01_bold,MR,1,fMRI reference,func,sbref,func,0.2857,phase2,0.5383,phase,0.3463,i,0.3136,6,0.4214,1,0.3259,1,0.2628,2,0.2284,on,0.5302,True,False
1.3.12.2.1107.5.2.43.66080.30000025052607162980300000009,1.3.12.2.1107.5.2.43.66080.2025052611362467269722153.0.0.0,7,task-dmaging_run-01_bold,task-dmaging_run-01_bold,MR,50,functional,func,bold,func,0.3045,phase2,0.545,phase,0.3083,i,0.3264,1,0.1757,1,0.2341,1,0.2361,4,0.2272,on,0.6574,True,False
1.3.12.2.1107.5.2.43.66080.30000025052607162980300000009,1.3.12.2.1107.5.2.43.66080.2025052611371788334529557.0.0.0,13,task-dmaging_run-02_bold_PhysioLog,task-dmaging_run-02_bold,MR,1,physiology log (not BIDS),n/a,n/a,func,0.3203,phase1,0.2471,phase,0.3647,i,0.3158,1,0.2349,1,0.2866,1,0.2797,1,0.2424,on,0.5935,,
1.3.12.2.1107.5.2.43.66080.30000025052607162980300000009,1.3.12.2.1107.5.2.43.66080.2025052611371788369129564.0.0.0,10,task-dmaging_run-02_bold_SBRef,task-dmaging_run-02_bold,MR,1,fMRI reference,func,sbref,func,0.2778,phase2,0.4448,phase,0.3335,i,0.2999,1,0.2805,1,0.3566,1,0.27,2,0.2352,on,0.5462,True,False
1.3.12.2.1107.5.2.43.66080.30000025052607162980300000009,1.3.12.2.1107.5.2.43.66080.2025052611371788599729565.0.0.0,11,task-dmaging_run-02_bold,task-dmaging_run-02_bold,MR,50,functional,func,bold,func,0.2959,phase2,0.5586,phase,0.311,i,0.3405,4,0.1868,1,0.1873,2,0.2349,2,0.2253,on,0.6562,True,False
1.3.12.2.1107.5.2.43.66080.30000025052607162980300000009,1.3.12.2.1107.5.2.43.66080.2025052611381232993036975.0.0.0,14,task-uebung_bold_SBRef,task-uebung_bold,MR,1,fMRI reference,func,sbref,func,0.3003,phase2,0.5667,phase,0.3758,k,0.3124,1,0.3749,1,0.4208,1,0.2592,1,0.2287,on,0.5968,True,False
1.3.12.2.1107.5.2.43.66080.30000025052607162980300000009,1.3.12.2.1107.5.2.43.66080.2025052611381233232536976.0.0.0,15,task-uebung_bold,task-uebung_bold,MR,50,functional,func,bold,func,0.299,phase2,0.7419,phase,0.3685,i,0.3318,4,0.1913,1,0.1548,5,0.2244,4,0.2514,on,0.5894,True,False
1.3.12.2.1107.5.2.43.66080.30000025052607162980300000009,1.3.12.2.1107.5.2.43.66080.2025052611403721585344811.0.0.0,17,acq-15_dir-ap_dwi,acq-15_dir-ap_dwi,MR,117,diffusion,dwi,dwi,func,0.2575,phase2,0.5696,phase,0.4166,i,0.3214,4,0.2293,1,0.1651,5,0.2434,1,0.2215,on,0.6605,False,False
1.3.12.2.1107.5.2.43.66080.30000025052607162980300000009,1.3.12.2.1107.5.2.43.66080.2025052611473604713580212.0.0.0,18,acq-15b0_dir-ap_dwi,acq-15b0_dir-ap_dwi,MR,1,diffusion,dwi,dwi,dwi,0.2143,phase2,0.566,phase,0.3876,i,0.3006,1,0.224,1,0.3434,1,0.2582,2,0.2194,on,0.5735,True,False
1.3.12.2.1107.5.2.43.66080.30000025052607162980300000009,1.3.12.2.1107.5.2.43.66080.2025052611475750157380697.0.0.0,19,acq-15_dir-pa_dwi,acq-15_dir-pa_dwi,MR,1,diffusion,dwi,dwi,func,0.2536,phase2,0.7233,phase,0.4017,i,0.2871,1,0.2557,1,0.3958,1,0.2566,3,0.2202,on,0.5956,False,False
